a	阿啊呵腌嗄锕吖
ai	爱奇埃乃艾呆碍哀癌挨矮唉
an	安干广案按暗厂岸盒俺黯庵
ang	仰昂肮盎腌
ao	奥澳傲棍噢熬凹嚣懊鳌袄敖
ba	把八吧巴伯爸罢拔霸叭坝跋
bai	白百派排伯败摆拜柏啡扒呗
ban	办半般版班板伴搬辨扮斑卑
bang	帮旁邦彭膀棒绑镑榜傍磅谤
bao	报保包宝炮暴抱爆呆胞薄堡
bei	被北备波背贝悲倍杯辈拔臂
ben	本体奔笨苯夯贲畚锛坌
beng	平旁崩榜傍蹦绷迸甭抨泵俸
bi	被比必服波佛秘虑笔避毕币
bian	变便边编封遍辩扁辨鞭贬拚
biao	表标漂彪镖嫖苞飙婊剽镳裱
bie	别秘拔蔽撇扒憋瘪鳖蹩捌
bin	份宾斌滨彬濒鬓缤殡槟浜摈
bing	并平兵病冰拼屏柄饼丙秉禀
bo	白服百般怕波佛伯跑博暴拍
bu	不部步布附补捕薄堡怖卜哺
ca	擦拆蔡嚓礤
cai	才采财材彩裁菜猜蔡踩睬
can	参残餐惨灿蚕惭掺璨粲孱骖
cang	藏苍舱仓沧臧伧
cao	造草操曹澡槽糙嘈漕螬艚艹
ce	策测侧册厕栅赦恻
cen	参岑涔
ceng	增曾层僧蹭噌
cha	接查土察差茶插斜捷叉刹诧
chai	查差柴拆搓钗豺侪虿瘥茈
chan	产单颤缠禅阐厘兔沾蝉铲忏
chang	长常场尚厂唱偿昌尝肠倘畅
chao	朝超潮吵抄巢嘲炒剿钞绰晁
che	车彻撤尺池斥宅拆扯澈掣砗
chen	称陈沉臣晨沈尘堪填趁辰帘
cheng	成程城称承醒盛诚乘净呈惩
chi	她提治持离吃喜移迟抬尺拖
chong	种重充冲虫崇涌宠烛忡茧憧
chou	抽仇筹扭丑酬臭愁圳绸畴瞅
chu	出处除助初著楚础触储祝涂
chua	撮
chuai	揣啜踹啐嘬搋膪
chuan	传船穿川串喘惴椽踹舛氚钏
chuang	创床窗闯幢葱疮囱怆舂
chui	吹垂椎锤炊捶槌陲棰
chun	春纯唇蠢醇淳沌椿鹑朐肫莼
chuo	促簇绰戳踱躇荃淖啜辍龊斫
ci	此次司差词刺措辞慈磁兹滋
cong	从窗匆聪丛葱囱淙枞苁琮偬
cou	族趣奏凑簇揍辏腠楱蔟
cu	且趣促粗戚卒簇醋猝蹙酢槭
cuan	窜蹲篡攒蹿撺爨汆镩
cui	体察衰粹脆催摧翠洒崔卒悴
cun	存村寸蹲忖浚皴
cuo	最错差措摧昔挫搓磋撮厝锉
da	大打达答塔胆搭塌迭嗒瘩哒
dai	大代带待毒戴袋呆贷隶逮黛
dan	但单石弹担丹淡旦胆蛋诞憾
dang	当党荡档挡裆宕铛谠凼砀菪
dao	到道受导倒岛刀陶盗敦祷稻
de	的地得德底登陟锝
dei	得
deng	等登灯邓瞪凳澄蹬橙簦噔镫
di	的地第提敌底低帝弟逐抵蒂
dia	嗲
dian	点电店典殿颠沾甸垫奠癫淀
diao	调掉跳刀鸟挑敦雕吊钓稠刁
die	至涉跌爹叠蝶谍踢碟迭哆窒
ding	定顶灯丁订盯钉鼎叮奠汀町
diu	丢铥
dong	动东洞懂冬董筒冻栋桐咚酮
dou	都投斗读抖豆陡兜逗逾窦蚪
du	都度土独读顿督毒杜渡肚宅
duan	断段短端锻缎踹椴煅簖
dui	对队追堆敦兑槌怼碓憝镦
dun	顿盾吨敦俊蹲钝遁豚沌墩炖
duo	多度杂夺朵躲陀兑堕隋踱揣
e	阿啊恶额俄饿哦鹅厄遏愕娥
ei	诶
en	恩摁蒽
er	而二儿尔耳饵贰珥迩濡洱铒
fa	发法罚泛乏拔伐阀筏砝珐垡
fan	反范犯饭凡翻烦繁泛返番潘
fang	方放房防访仿芳妨纺坊肪彷
fei	非飞费废菲肥肺匪啡妃拂沸
fen	分份纷奋奔粉愤芬扮氛盼匪
feng	方风封丰泛奉峰凤疯锋冯缝
fo	佛
fou	不否缶
fu	不还市服夫府复包仅父福负
ga	夹咖胳伽尬嘎轧噶呷戛旮尕
gai	该改概核盖汽咳丐骸钙溉芥
gan	个感干敢赶甘汗肝奸乾杆尴
gang	刚抗港钢岗纲冈缸扛杠肮亢
gao	高告搞稿浩糕膏咎睾羔诰皋
ge	个可合各格革假哥介歌盖隔
gei	给
gen	根跟痕亘艮哏茛
geng	更硬耕颈耿梗庚亢邢哽赓亘
gong	公工共功红供攻宫贡恭虹弓
gou	构够句购狗沟勾拘钩苟垢篝
gu	家告古故苦股角顾固姑骨谷
gua	括挂瓜舌寡刮卦褂呱惴剐诖
guai	怪拐乖掴
guan	关果管观官馆惯贯冠串灌罐
guang	光广横恍逛胱咣潢犷桄
gui	规概贵归鬼娃轨桂柜跪龟哇
gun	卷混滚棍衮鲧绲辊磙丨
guo	国过果活划郭锅裹涡唬猓帼
ha	哈吓呵虾蛤獬铪
hai	还海孩害咳骇骸亥嗨氦醢咴
han	感汉含厂喊韩寒甘汗翰函罕
hang	行航狠狼杭巷炕吭肮夯珩桁
hao	好号毫豪耗浩皓壕郝唬妞嚎
he	和合何格河害哈核呼喝赫荷
hei	黑嘿嗨
hen	很恨狠痕掀艮哏
heng	行横衡恒哼亨珩桁訇蘅
hng	哼
hong	共红港轰洪宏汪鸿虹哄弘烘
hou	后候厚侯喉後吼猴逅鲎糇骺
hu	和许乎护苦户胡互核呼忽湖
hua	话化花华找划敌画滑哇哗豁
huai	划怀坏圳淮徊槐坯踝喟
huan	还环欢换缓援患幻唤灌桓焕
huang	黄皇荒横慌晃茫谎芒煌惶凰
hui	会回挥毁汇虫灰恢慧惠辉绘
hun	婚混魂昏昆浑棍捆荤诨馄阍
huo	和或化活火越获货伙霍惑呵
ji	其机己给及几系计期基即记
jia	家加价假架甲夏驾佳夹押嘉
jian	前间见建件简检坚监舰减剑
jiang	将强讲江降蒋奖疆匠虹僵姜
jiao	教交觉叫较校激角脚焦咬缴
jie	家她解结接界价节假担差阶
jin	进金今近尽仅紧禁津劲晋斤
jing	经精青京境惊警竟静景睛醒
jiong	炯窘迥坷炅垧扃冂
jiu	就究九久酒救旧纠愁舅揪疚
ju	且告据车具局足举居句姐剧
juan	身卷圈捐倦绢娟眩眷鹃蕊蜷
jue	决觉绝角脚狂屈乙爵穴掘嚼
jun	军均君卷菌俊郡旬龟钧峻匀
ka	卡咖喀咯咔胩佧
kai	开核喝凯岂渴慨恺楷劾揩铠
kan	看喊刊堪砍坎勘嵌侃槛瞰龛
kang	抗康奋荒坑杭慷炕扛亢糠闶
kao	考靠搞烤拷铐槁犒尻栲
ke	可克科客刻课颗呵柯壳渴棵
kei	刻
ken	肯狠恳垦啃龈垠裉
keng	坑吭铿忐硎
kong	空控恐孔腔穹崆倥箜
kou	口扣寇叩挎抠佝彀蔻芤刳眍
ku	古苦圣库哭跨酷裤枯掘窟骷
kua	跨夸垮挎胯髁侉
kuai	会快块魁筷傀蒯脍侩狯哙浍
kuan	完款宽棵髋
kuang	况兄狂矿呈框逛旷枉眶匡筐
kui	缺亏溃愧踩魁奎窥馈盔葵匮
kun	困混昆卵捆坤琨锟髡阃鲲醌
kuo	适括扩阔廓蛞栝
la	拉落蓝啦腊辣蜡垃喇剌摺邋
lai	来莱赖睐籁濑癞涞徕崃黧赉
lan	兰蓝烂览拦栏懒滥篮岚澜揽
lang	浪朗郎狼廊踉琅螂羹榔啷阆
lao	老落劳络牢僚捞姥佬唠烙撩
le	了乐勒肋嘞叻泐仂鳓
lei	类雷勒泪累垒肋蕾磊擂儡镭
len	啉
leng	冷愣棱楞塄
li	里理力利位立离李历列例丽
lia	俩
lian	联令连脸练零恋怜炼廉莲链
liang	两量惊良亮粮辆梁俩凉谅踉
liao	了料疗聊辽僚廖寥佬撩缭潦
lie	列例烈裂累猎劣膊栗咧洌冽
lin	任林临邻淋琳麟鳞磷凛赁霖
ling	领令另冷灵零龄怜凌玲陵铃
liu	流六留陆游刘柳溜聊瘤碌榴
lo	咯
long	龙弄隆笼垄拢胧聋咙陇珑窿
lou	露楼牢漏陋搂喽髅篓娄镂偻
lu	路六陆角露鲁录绿谷卢炉鹿
luan	乱卵挛峦鸾銮孪栾滦脔娈
lun	论伦轮仑沦纶抡囵
luo	果路格罗落洛络逻裸螺碌咯
lv	律率虑旅绿累吕履鹿屡驴侣
lve	率略掠锊
m	唔呒
ma	么马吗妈麻摩玛码骂嘛抹麽
mai	派买卖麦脉埋迈哩咪霾劢唛
man	满慢曼幕漫埋蛮瞒蔓幔馒谩
mang	忙茫盲芒莽朦氓蟒邙硭瞢漭
mao	毛贸冒描矛貌猫耗帽茂茅牟
me	么没末麽
mei	没美每某味梅妹眉墨媒煤枚
men	们门闷汶扪懑焖鞔钔
meng	明梦蒙猛盟孟朦萌氓蟒懵檬
mi	米密秘迷摩弥蜜辟谜泌觅眯
mian	面免棉眠勉绵缅冥冕娩腼瞑
miao	描妙猫庙苗秒吵瞄渺缪藐缈
mie	灭蔑咪咩篾乜蠛
min	民敏眠悯闽闵汶抿皿泯岷黾
ming	明名命盟鸣铭冥萌皿茗瞑溟
miu	谬缪
mo	么没无万百模伯莫默摩末魔
mou	件某谋牟毋缪眸袤鍪婺蛑哞
mu	目母模木莫姆幕牧穆墓慕亩
n	嗯唔哽哏
na	那内南拿哪纳娜呐絮钠捺衲
nai	能那哪乃奶耐奈氖艿鼐萘佴
nan	难南男喃冉楠囡赧罱蝻囝腩
nang	囊囔馕曩攮
nao	脑闹恼挠瑙淖呶孬蛲垴硇铙
ne	那呢哪呐讷疔疒
nei	那内哪馁
nen	嫩恁枘
neng	能而耐
ng	嗯唔哽
ni	你呢尼泥拟逆妮匿腻倪溺霓
nian	年念趁粘廿捻辗拈黏碾撵鲇
niang	娘酿
niao	鸟尿溺袅茑脲尥嬲
nie	哪幸泥涅捏聂孽倪捻蹑嗫啮
nin	您恁
ning	年疑宁冰泥凝拧攘狞泞柠咛
niu	牛纽扭钮妞拗忸蚴狃
nong	农弄浓侬脓哝咔
nou	耨
nu	仅努怒奴褥弩呶帑肭驽孥胬
nuan	暖暧濡
nuo	那需哪掉诺娜挪呐懦傩喏糯
nv	女絮钕衄胬恧狃
nve	虐疟
o	哦噢喔
ou	区欧遇握偶呕殴鸥藕渥讴耦
pa	把吧派怕爬帕叭啪趴扒芭琶
pai	派排迫拍牌脾啡徘湃俳哌蒎
pan	片半般判盘繁伴番叛胖潘盼
pang	方房旁仿彭庞胖膀逢榜傍磅
pao	包跑炮抱胞抛泡袍咆刨苞疱
pei	配坏培倍佩陪赔肺啡妃胚沛
pen	喷盆吩汾湓
peng	朋旁庄碰彭鹏亨逢捧蓬膨棚
pi	被比批否皮副坏培番扑疲匹
pian	平便片篇偏骗扁辨翩蝙谝骈
piao	票飘漂朴嫖瞟瓢剽缥膘嘌骠
pie	蔽瞥撇苤氕丿
pin	品贫频拼聘拚匕泵嫔颦姘牝
ping	平评凭瓶冯屏萍聘苹坪砰乒
po	破迫繁婆番坡颇霸泊朴泼膊
pou	部抱培剖涪瓿掊裒踣
pu	普暴扑堡扶铺仆剥卜朴葡甫
qi	起其己气期切技示支器企吃
qia	客卡恰洽掐咭挈髂袷疴葜
qian	前千钱赶潜签迁牵浅遣欠乾
qiang	将强控枪墙抢腔跄呛羌蔷锵
qiao	校招搞巧桥悄乔瞧焦敲削壳
qie	且切捷契窃漆怯伽茄砌妾喋
qin	亲侵秦勤琴钦浸禽寝擒沁矜
qing	情声清亲请精轻青胜倾庆晴
qiong	穷琼鞠穹邛蛩芎跫銎筇茕
qiu	求团球秋仇丘龟邱囚裘酋惆
qu	去区取句巨趣曲趋驱屈躯渠
quan	全权卷圈券劝泉拳串圳犬栓
que	却确缺屈猎雀阙鹊瘸芍榷阕
qun	群裙蹲遁逡麇
ran	然染燃冉髯苒蚺
rang	让嚷壤攘瓤穰禳
rao	扰绕饶荛桡娆
re	热若惹偌喏
ren	人任儿认忍仁刃韧妊壬纫饪
reng	仍耳扔戎艿穰
ri	日
rong	容荣融隔溶绒蓉熔戎茸冗榕
rou	肉柔揉蹂鞣糅
ru	如月入女需肉乳辱儒汝褥蠕
ruan	需软阮濡朊
rui	内瑞锐兑蕊睿芮蚋蕤枘
run	润闰
ruo	若弱惹溺偌芮箬
sa	萨撒蔡洒卅飒仨挲趿檫脎
sai	思赛塞腮鳃噻
san	三散伞叁霰馓糁毵
sang	丧桑嗓搡颡磉
sao	扫嫂骚哨燥梢搔臊缫埽瘙缲
se	色塞瑟寨泣涩啬穑槭铯
sen	森洒
seng	僧
sha	接杀哈沙傻啥莎刹厦煞纱砂
shai	色晒筛酾
shan	山单善闪邓扇衫陕禅擅珊杉
shang	上商伤尚赏汤晌裳熵墒觞绱
shao	少招烧召绍稍搜削哨梢邵鞘
she	社设射折涉舍摄邪蛇舌拾奢
shei	谁
shen	什身信神深参甚审震申伸沈
sheng	生声省胜升圣盛姓乘剩牲绳
shi	是时事实十使什斯世提市式
shou	手受收首守授熟售兽寿瘦狩
shu	数书术除属述树野输束熟透
shua	刷耍唆唰涮
shuai	率衰帅摔甩蟀
shuan	栓拴汕闩踹涮
shuang	双爽霜淙孀泷
shui	说水谁税睡氵
shun	顺盾巡俊瞬舜吮恂巛
shuo	说数硕烁溯嗽朔勺濯嗍槊铄
si	以已斯四司思死台似食私丝
song	送松宋讼耸颂诵嵩悚怂淞凇
sou	族艘搜嗽敕嗖叟擞飕馊薮嗾
su	苏诉速素缩俗肃宿搬塑稣溯
suan	算酸撰蒜狻
sui	随虽岁碎粹尿遂莎绥髓隋隧
sun	损孙餐笋荪隼飧榫跣狲
suo	所些索沙缩霍锁衰莎抄梭琐
ta	他她它太达哈塔踏搭拓塌榻
tai	大能太台态泰抬胎汰苔钛肽
tan	但谈弹探坦淡叹炎胆沈坛贪
tang	唐堂躺汤糖倘塘趟棠膛烫淌
tao	讨逃跳套挑陶桃涛萄掏姚淘
te	特式匿忒忑慝铽
tei	忒
teng	腾疼藤滕誊
ti	是体提题达弟替折梯狄踢肆
tian	天田典吞添填甜沾甸蚕佃舔
tiao	条调超跳挑桃姚眺稠迢窕笤
tie	占铁贴蝶帖餮怙萜
ting	听停庭厅艇挺廷亭霆奠汀婷
tong	同重通统痛洞童铜筒桶桐佟
tou	头投透偷愉逗骰钭亠
tu	图突土余徒途杜跌吐涂屠兔
tuan	团税敦揣痪湍抟疃彖
tui	推退追税弟脱腿颓忒褪蜕煺
tun	逐吴吨敦吞屯臀豚沌褪炖饨
tuo	他它税托脱拖蛇池妥陀拓魄
wa	瓦鞋娃挖哇凹蛙袜洼娲佤腽
wai	外歪夭崴
wan	完万晚免湾园玩弯碗顽挽丸
wang	方王望往网皇亡忘汪妄旺芒
wei	有为于机位立未委维围威微
wen	问文眼限免闻温稳纹吻昧蚊
weng	翁嗡瓮壅蕹蓊
wo	我握沃卧窝涡喔夭瘟倭挝蜗
wu	无物务五武母恶误屋亡午吴
xi	西系息希细喜习既席吸戏析
xia	下假呼呀夏侠吓辖峡押斜狭
xian	现见先线显限省险县探鲜献
xiang	想向相像象响项降香洋乡享
xiao	小笑消号效校呼销晓搜削萧
xie	些解接写血协谢叶耶胁邪鞋
xin	心新信款寻辛欣薪芯馨衅锌
xing	行性形研兴星型省胜幸醒刑
xiong	能雄兄胸凶宪熊匈汹芎
xiu	修休秀袖宿羞臭绣朽嗅锈煦
xu	于许需须续余姐序呼虚休徐
xuan	选宣旋券玄暖悬滋璇撰轩喧
xue	学血雪削穴薛哮靴谑炔鳕噱
xun	寻训迅讯巡询逊循洒旬勋梭
ya	亚压呀牙雅御邪吾押歇鸭讶
yan	但眼言研广验严演厂烟延沿
yang	样英阳养央洋杨扬映羊仰氧
yao	要么由约药摇腰幼陶咬遥耀
ye	也业夜射野叶喝爷页耶液邪
yi	一以也意它已义听议失台易
yin	因听言引众音印银烟阴隐币
ying	应英影营央景迎硬映赢鹰哩
yo	育哟唷
yong	用容永遇拥勇涌庸佣泳雍咏
you	有又由友游优右油奥尤犹叹
yu	于与或王语育预余域鱼遇予
yuan	原员院元远愿源穿园圆援缘
yue	说月约越乐块阅跃曰岳悦钥
yun	员运云温均盾允怨孕尉晕韵
za	杂咱扎砸咋咂匝嘁啐籴拶
zai	在才再载灾仔宰栽哉崽甾
zan	赞咱暂攒瓒簪涔錾湔糌昝趱
zang	藏脏葬赃臧奘戕驵
zao	造早草遭糟躁燥藻灶澡凿噪
ze	则责泽择措侧咋啧稷仄赜柞
zei	贼
zen	怎僭谮
zeng	增曾综赠憎锃甑缯罾
zha	查炸扎插册眨诈蜡咋乍栅渣
zhai	度择侧债祭宅柴摘窄寨斋翟
zhan	战展站占颤粘沾斩詹盏瞻崭
zhang	长张章掌障丈帐仗涨胀账杖
zhao	着照找朝著招赵召桃罩昭兆
zhe	这着者著哲折斥浙遮堵庶辙
zhei	这
zhen	真阵镇震针振珍诊侦慎唇填
zheng	正政争证整承征郑丁症挣睁
zhi	之只知制直指至治识质示支
zhong	中种重众终钟童忠董仲肿衷
zhou	周注育洲州逐宙祝扭皱骤舟
zhu	之主住术除注斗朝助属著予
zhua	抓爪挝
zhuai	转拽
zhuan	传转专赚撰砖沌湍篆馔啭巽
zhuang	装状庄壮撞桩幢妆憧僮奘戆
zhui	致追垂坠椎缀揣锥隧赘惴槌
zhun	准敦屯淳谆盹胗肫窀
zhuo	着著桌捉缴卓拙灼琢酌浊勺
zi	子自事次资字仔紫兹姿滋柴
zong	从总宗纵综踪棕鬃枞粽偬腙
zou	走族趣奏邹揍诹鲰驺鄹陬楱
zu	组足族姐祖阻租卒沮诅嘁啐
zuan	钻赚撮纂攥缵躜
zui	最罪嘴堆醉摧撮咀羧蕞觜
zun	尊遵蹲奠樽鳟撙
zuo	作做坐左座昨佐挫凿乍琢醋
